{"valid_loss":0.07215714454650879,"_timestamp":1.741369244025381e+09,"_runtime":386.630728209,"_step":1136,"loss":0.08211509138345718,"_wandb":{"runtime":386}}