{"loss":0.07767320424318314,"_wandb":{"runtime":640},"valid_loss":0.07292918860912323,"_timestamp":1.741368827013673e+09,"_runtime":640.251273006,"_step":1894}